timestamp, power.draw [W], utilization.gpu [%], memory.used [MiB]
2026/09/07 10:05:44.402, 222.18 W, 99 %, 10422 MiB
2026/09/07 10:05:54.429, 222.44 W, 98 %, 10398 MiB
2026/09/07 10:06:04.430, 222.86 W, 98 %, 10392 MiB
2026/09/07 10:06:14.434, 223.61 W, 98 %, 10392 MiB
2026/09/07 10:06:24.444, 223.67 W, 98 %, 10384 MiB
2026/09/07 10:06:34.461, 224.09 W, 99 %, 10381 MiB
2026/09/07 10:06:44.474, 225.01 W, 98 %, 10385 MiB
2026/09/07 10:06:54.481, 225.31 W, 99 %, 10396 MiB
2026/09/07 10:07:04.493, 224.88 W, 96 %, 10391 MiB
2026/09/07 10:07:14.498, 223.50 W, 99 %, 10445 MiB
2026/09/07 10:07:24.506, 224.78 W, 99 %, 10384 MiB
2026/09/07 10:07:34.509, 225.08 W, 99 %, 10380 MiB
2026/09/07 10:07:44.525, 224.02 W, 98 %, 10384 MiB
2026/09/07 10:07:54.526, 225.67 W, 99 %, 10385 MiB
2026/09/07 10:08:04.541, 227.18 W, 99 %, 10385 MiB
2026/09/07 10:08:14.549, 258.91 W, 99 %, 10384 MiB
2026/09/07 10:08:24.557, 226.37 W, 99 %, 10384 MiB
2026/09/07 10:08:34.564, 226.05 W, 99 %, 10380 MiB
2026/09/07 10:08:44.574, 225.92 W, 99 %, 10384 MiB
2026/09/07 10:08:54.583, 226.18 W, 99 %, 10380 MiB
2026/09/07 10:09:04.597, 225.77 W, 99 %, 10389 MiB
2026/09/07 10:09:14.603, 226.90 W, 99 %, 10385 MiB
2026/09/07 10:09:24.605, 78.35 W, 6 %, 10399 MiB
2026/09/07 10:09:34.612, 158.79 W, 99 %, 10399 MiB
2026/09/07 10:09:44.626, 224.87 W, 98 %, 10398 MiB
2026/09/07 10:09:54.633, 226.21 W, 98 %, 10394 MiB
2026/09/07 10:10:04.646, 226.51 W, 98 %, 10399 MiB
2026/09/07 10:10:14.655, 226.95 W, 98 %, 10399 MiB
2026/09/07 10:10:24.666, 226.63 W, 98 %, 10398 MiB
2026/09/07 10:10:34.673, 227.16 W, 98 %, 10394 MiB
2026/09/07 10:10:44.677, 226.51 W, 98 %, 10398 MiB
2026/09/07 10:10:54.685, 227.64 W, 98 %, 10396 MiB
2026/09/07 10:11:04.699, 227.92 W, 99 %, 10399 MiB
2026/09/07 10:11:14.713, 226.82 W, 98 %, 10418 MiB
2026/09/07 10:11:24.727, 227.73 W, 99 %, 10409 MiB
2026/09/07 10:11:34.736, 78.43 W, 6 %, 10398 MiB
2026/09/07 10:11:44.751, 261.39 W, 98 %, 10394 MiB
2026/09/07 10:11:54.754, 226.99 W, 98 %, 10398 MiB
2026/09/07 10:12:04.763, 228.04 W, 98 %, 10395 MiB
2026/09/07 10:12:14.771, 227.90 W, 99 %, 10398 MiB
2026/09/07 10:12:24.786, 227.17 W, 98 %, 10398 MiB
2026/09/07 10:12:34.796, 227.42 W, 98 %, 10398 MiB
2026/09/07 10:12:44.805, 228.04 W, 98 %, 10394 MiB
2026/09/07 10:12:54.809, 227.51 W, 98 %, 10399 MiB
2026/09/07 10:13:04.813, 228.06 W, 98 %, 10403 MiB
2026/09/07 10:13:14.821, 227.03 W, 99 %, 10399 MiB
2026/09/07 10:13:24.825, 228.57 W, 99 %, 10395 MiB
2026/09/07 10:13:34.837, 228.27 W, 99 %, 10398 MiB
2026/09/07 10:13:44.848, 228.54 W, 99 %, 10398 MiB
2026/09/07 10:13:54.850, 79.11 W, 6 %, 10398 MiB
2026/09/07 10:14:04.865, 142.42 W, 99 %, 10394 MiB
2026/09/07 10:14:14.870, 226.79 W, 99 %, 10398 MiB
2026/09/07 10:14:24.872, 227.01 W, 99 %, 10394 MiB
2026/09/07 10:14:34.876, 226.81 W, 97 %, 10399 MiB
2026/09/07 10:14:44.886, 227.35 W, 98 %, 10398 MiB
2026/09/07 10:14:54.896, 227.43 W, 98 %, 10398 MiB
2026/09/07 10:15:04.904, 37.84 W, 12 %, 10394 MiB
2026/09/07 10:15:14.917, 260.33 W, 100 %, 10398 MiB
2026/09/07 10:15:24.922, 227.93 W, 99 %, 10398 MiB
2026/09/07 10:15:34.933, 227.54 W, 98 %, 10410 MiB
2026/09/07 10:15:44.944, 227.04 W, 98 %, 10431 MiB
2026/09/07 10:15:54.951, 227.29 W, 99 %, 10436 MiB
2026/09/07 10:16:04.963, 228.12 W, 98 %, 10426 MiB
2026/09/07 10:16:14.976, 228.26 W, 98 %, 10424 MiB
2026/09/07 10:16:24.985, 228.30 W, 98 %, 10419 MiB
2026/09/07 10:16:34.986, 228.22 W, 98 %, 10423 MiB
2026/09/07 10:16:44.996, 228.27 W, 99 %, 10423 MiB
2026/09/07 10:16:55.000, 228.56 W, 99 %, 10423 MiB
2026/09/07 10:17:05.014, 228.93 W, 99 %, 10423 MiB
2026/09/07 10:17:15.027, 228.85 W, 99 %, 10423 MiB
2026/09/07 10:17:25.043, 228.73 W, 99 %, 10419 MiB
2026/09/07 10:17:35.048, 228.84 W, 98 %, 10423 MiB
2026/09/07 10:17:45.051, 229.56 W, 99 %, 10427 MiB
2026/09/07 10:17:55.065, 228.14 W, 98 %, 10432 MiB
2026/09/07 10:18:05.066, 229.38 W, 98 %, 10427 MiB
2026/09/07 10:18:15.069, 229.57 W, 99 %, 10423 MiB
2026/09/07 10:18:25.081, 62.90 W, 99 %, 10423 MiB
2026/09/07 10:18:35.096, 187.71 W, 99 %, 10423 MiB
2026/09/07 10:18:45.106, 37.36 W, 20 %, 10419 MiB
2026/09/07 10:18:55.117, 227.07 W, 98 %, 10423 MiB
2026/09/07 10:19:05.120, 227.99 W, 99 %, 10427 MiB
2026/09/07 10:19:15.133, 228.91 W, 99 %, 10426 MiB
2026/09/07 10:19:25.144, 229.26 W, 99 %, 10421 MiB
2026/09/07 10:19:35.154, 229.55 W, 99 %, 10424 MiB
2026/09/07 10:19:45.169, 230.35 W, 99 %, 10423 MiB
2026/09/07 10:19:55.182, 229.06 W, 99 %, 10423 MiB
2026/09/07 10:20:05.197, 230.09 W, 99 %, 10419 MiB
2026/09/07 10:20:15.210, 229.91 W, 99 %, 10423 MiB
2026/09/07 10:20:25.220, 230.40 W, 98 %, 10423 MiB
2026/09/07 10:20:35.225, 229.08 W, 99 %, 10423 MiB
2026/09/07 10:20:45.226, 230.75 W, 99 %, 10419 MiB
2026/09/07 10:20:55.229, 229.47 W, 97 %, 10423 MiB
2026/09/07 10:21:05.241, 230.12 W, 98 %, 10419 MiB
2026/09/07 10:21:15.255, 229.80 W, 98 %, 10424 MiB
2026/09/07 10:21:25.257, 230.29 W, 98 %, 10428 MiB
2026/09/07 10:21:35.266, 230.49 W, 98 %, 10419 MiB
2026/09/07 10:21:45.271, 230.95 W, 98 %, 10419 MiB
2026/09/07 10:21:55.282, 262.69 W, 99 %, 10431 MiB
2026/09/07 10:22:05.283, 31.36 W, 14 %, 859 MiB
2026/09/07 10:22:15.293, 29.37 W, 28 %, 858 MiB
2026/09/07 10:22:25.301, 61.60 W, 6 %, 1136 MiB
2026/09/07 10:22:35.316, 223.04 W, 99 %, 10390 MiB
2026/09/07 10:22:45.328, 225.59 W, 99 %, 10390 MiB
2026/09/07 10:22:55.335, 225.15 W, 98 %, 10391 MiB
2026/09/07 10:23:05.349, 225.80 W, 98 %, 10391 MiB
2026/09/07 10:23:15.363, 226.34 W, 98 %, 10390 MiB
2026/09/07 10:23:25.377, 223.08 W, 98 %, 10407 MiB
2026/09/07 10:23:35.385, 227.83 W, 99 %, 10392 MiB
2026/09/07 10:23:45.396, 228.06 W, 99 %, 10391 MiB
2026/09/07 10:23:55.409, 227.55 W, 98 %, 10391 MiB
2026/09/07 10:24:05.416, 229.47 W, 98 %, 10390 MiB
2026/09/07 10:24:15.432, 228.90 W, 99 %, 10390 MiB
2026/09/07 10:24:25.444, 228.77 W, 98 %, 10390 MiB
2026/09/07 10:24:35.459, 228.80 W, 98 %, 10390 MiB
2026/09/07 10:24:45.471, 229.09 W, 99 %, 10390 MiB
2026/09/07 10:24:55.481, 228.93 W, 98 %, 10390 MiB
2026/09/07 10:25:05.486, 229.66 W, 98 %, 10390 MiB
2026/09/07 10:25:15.491, 229.37 W, 98 %, 10391 MiB
2026/09/07 10:25:25.501, 229.54 W, 99 %, 10390 MiB
2026/09/07 10:25:35.510, 58.08 W, 11 %, 10390 MiB
2026/09/07 10:25:45.517, 262.16 W, 99 %, 10391 MiB
2026/09/07 10:25:55.522, 229.00 W, 98 %, 10391 MiB
2026/09/07 10:26:05.526, 228.61 W, 97 %, 10413 MiB
2026/09/07 10:26:15.534, 229.66 W, 99 %, 10390 MiB
2026/09/07 10:26:25.537, 228.90 W, 98 %, 10390 MiB
2026/09/07 10:26:35.553, 229.36 W, 98 %, 10390 MiB
2026/09/07 10:26:45.566, 229.19 W, 99 %, 10386 MiB
2026/09/07 10:26:55.571, 36.83 W, 16 %, 10404 MiB
2026/09/07 10:27:05.586, 227.19 W, 99 %, 10400 MiB
2026/09/07 10:27:15.594, 227.58 W, 99 %, 10404 MiB
2026/09/07 10:27:25.605, 227.48 W, 98 %, 10418 MiB
2026/09/07 10:27:35.618, 227.99 W, 98 %, 10418 MiB
2026/09/07 10:27:45.627, 229.01 W, 98 %, 10408 MiB
2026/09/07 10:27:55.642, 229.01 W, 99 %, 10412 MiB
2026/09/07 10:28:05.647, 229.32 W, 99 %, 10417 MiB
2026/09/07 10:28:15.656, 228.71 W, 99 %, 10412 MiB
2026/09/07 10:28:25.662, 229.97 W, 98 %, 10408 MiB
2026/09/07 10:28:35.668, 228.62 W, 99 %, 10414 MiB
2026/09/07 10:28:45.684, 229.68 W, 98 %, 10404 MiB
2026/09/07 10:28:55.689, 229.61 W, 99 %, 10404 MiB
2026/09/07 10:29:05.704, 31.69 W, 100 %, 10400 MiB
2026/09/07 10:29:15.705, 163.98 W, 98 %, 10412 MiB
2026/09/07 10:29:25.711, 229.63 W, 99 %, 10408 MiB
2026/09/07 10:29:35.719, 230.45 W, 98 %, 10407 MiB
2026/09/07 10:29:45.733, 229.71 W, 99 %, 10407 MiB
2026/09/07 10:29:55.738, 229.36 W, 98 %, 10404 MiB
2026/09/07 10:30:05.753, 229.64 W, 99 %, 10400 MiB
2026/09/07 10:30:15.766, 229.52 W, 99 %, 10405 MiB
2026/09/07 10:30:25.771, 229.67 W, 99 %, 10400 MiB
2026/09/07 10:30:35.773, 228.90 W, 98 %, 10404 MiB
2026/09/07 10:30:45.785, 229.93 W, 99 %, 10404 MiB
2026/09/07 10:30:55.799, 229.46 W, 99 %, 10404 MiB
2026/09/07 10:31:05.809, 229.76 W, 99 %, 10401 MiB
2026/09/07 10:31:15.814, 229.56 W, 98 %, 10404 MiB
2026/09/07 10:31:25.826, 34.67 W, 23 %, 10409 MiB
2026/09/07 10:31:35.842, 227.75 W, 97 %, 10404 MiB
2026/09/07 10:31:45.853, 229.33 W, 99 %, 10404 MiB
2026/09/07 10:31:55.863, 228.65 W, 98 %, 10404 MiB
2026/09/07 10:32:05.872, 229.25 W, 98 %, 10400 MiB
2026/09/07 10:32:15.879, 229.56 W, 98 %, 10404 MiB
2026/09/07 10:32:25.885, 229.26 W, 99 %, 10404 MiB
2026/09/07 10:32:35.901, 260.03 W, 99 %, 10404 MiB
2026/09/07 10:32:45.915, 228.57 W, 99 %, 10401 MiB
2026/09/07 10:32:55.919, 228.91 W, 99 %, 10405 MiB
2026/09/07 10:33:05.933, 229.01 W, 98 %, 10400 MiB
2026/09/07 10:33:15.948, 228.87 W, 98 %, 10404 MiB
2026/09/07 10:33:25.957, 229.48 W, 99 %, 10425 MiB
2026/09/07 10:33:35.964, 228.74 W, 99 %, 10412 MiB
2026/09/07 10:33:45.975, 229.34 W, 98 %, 10408 MiB
2026/09/07 10:33:55.982, 229.00 W, 98 %, 10412 MiB
2026/09/07 10:34:05.993, 229.24 W, 99 %, 10404 MiB
2026/09/07 10:34:16.001, 229.02 W, 99 %, 10404 MiB
2026/09/07 10:34:26.017, 229.63 W, 99 %, 10401 MiB
2026/09/07 10:34:36.017, 230.08 W, 99 %, 10404 MiB
2026/09/07 10:34:46.024, 229.66 W, 99 %, 10404 MiB
2026/09/07 10:34:56.039, 229.26 W, 99 %, 10404 MiB
2026/09/07 10:35:06.046, 229.38 W, 98 %, 10404 MiB
2026/09/07 10:35:16.056, 229.68 W, 99 %, 10420 MiB
2026/09/07 10:35:26.071, 229.78 W, 99 %, 10425 MiB
2026/09/07 10:35:36.079, 229.74 W, 98 %, 10404 MiB
2026/09/07 10:35:46.085, 43.83 W, 11 %, 10404 MiB
2026/09/07 10:35:56.091, 261.67 W, 99 %, 10404 MiB
2026/09/07 10:36:06.107, 47.40 W, 11 %, 10405 MiB
2026/09/07 10:36:16.114, 225.49 W, 99 %, 10404 MiB
2026/09/07 10:36:26.121, 227.52 W, 98 %, 10404 MiB
2026/09/07 10:36:36.136, 228.21 W, 99 %, 10404 MiB
2026/09/07 10:36:46.148, 227.87 W, 99 %, 10404 MiB
2026/09/07 10:36:56.156, 228.74 W, 99 %, 10404 MiB
2026/09/07 10:37:06.162, 228.85 W, 98 %, 10404 MiB
2026/09/07 10:37:16.172, 229.49 W, 99 %, 10404 MiB
2026/09/07 10:37:26.176, 228.84 W, 99 %, 10409 MiB
2026/09/07 10:37:36.181, 229.23 W, 98 %, 10405 MiB
2026/09/07 10:37:46.184, 229.02 W, 98 %, 10404 MiB
2026/09/07 10:37:56.188, 229.61 W, 99 %, 10404 MiB
2026/09/07 10:38:06.198, 229.83 W, 98 %, 10404 MiB
2026/09/07 10:38:16.213, 230.08 W, 98 %, 10404 MiB
2026/09/07 10:38:26.228, 229.88 W, 99 %, 10404 MiB
2026/09/07 10:38:36.238, 229.48 W, 98 %, 10405 MiB
2026/09/07 10:38:46.245, 229.21 W, 98 %, 10404 MiB
2026/09/07 10:38:56.254, 229.64 W, 98 %, 10404 MiB
2026/09/07 10:39:06.260, 228.99 W, 98 %, 10404 MiB
2026/09/07 10:39:16.267, 258.88 W, 99 %, 10404 MiB
2026/09/07 10:39:26.268, 47.17 W, 11 %, 848 MiB
2026/09/07 10:39:36.279, 29.12 W, 26 %, 847 MiB
2026/09/07 10:39:46.290, 61.60 W, 5 %, 1136 MiB
2026/09/07 10:39:56.304, 244.79 W, 97 %, 9150 MiB
2026/09/07 10:40:06.307, 246.68 W, 96 %, 9150 MiB
2026/09/07 10:40:16.314, 246.61 W, 93 %, 9150 MiB
2026/09/07 10:40:26.330, 246.84 W, 91 %, 9150 MiB
2026/09/07 10:40:36.336, 248.44 W, 96 %, 9150 MiB
2026/09/07 10:40:46.351, 248.94 W, 96 %, 9150 MiB
2026/09/07 10:40:56.359, 78.04 W, 6 %, 9150 MiB
2026/09/07 10:41:06.373, 247.50 W, 97 %, 9151 MiB
2026/09/07 10:41:16.374, 246.77 W, 93 %, 9150 MiB
2026/09/07 10:41:26.382, 135.57 W, 6 %, 9154 MiB
2026/09/07 10:41:36.397, 30.06 W, 100 %, 9154 MiB
2026/09/07 10:41:46.407, 246.10 W, 95 %, 9154 MiB
2026/09/07 10:41:56.416, 246.28 W, 95 %, 9154 MiB
2026/09/07 10:42:06.432, 247.93 W, 96 %, 9154 MiB
2026/09/07 10:42:16.433, 214.07 W, 6 %, 9154 MiB
2026/09/07 10:42:26.437, 196.77 W, 7 %, 9154 MiB
2026/09/07 10:42:36.446, 248.95 W, 97 %, 9154 MiB
2026/09/07 10:42:46.458, 249.13 W, 97 %, 9154 MiB
2026/09/07 10:42:56.468, 248.60 W, 95 %, 9154 MiB
2026/09/07 10:43:06.484, 248.14 W, 95 %, 9154 MiB
2026/09/07 10:43:16.491, 29.07 W, 26 %, 9154 MiB
2026/09/07 10:43:26.494, 246.76 W, 97 %, 9154 MiB
2026/09/07 10:43:36.496, 244.52 W, 93 %, 9155 MiB
2026/09/07 10:43:46.497, 301.00 W, 97 %, 9154 MiB
2026/09/07 10:43:56.512, 248.37 W, 96 %, 9154 MiB
2026/09/07 10:44:06.523, 245.12 W, 93 %, 9154 MiB
2026/09/07 10:44:16.526, 245.67 W, 93 %, 9154 MiB
2026/09/07 10:44:26.533, 245.56 W, 93 %, 9155 MiB
2026/09/07 10:44:36.543, 246.31 W, 96 %, 9173 MiB
2026/09/07 10:44:46.549, 244.15 W, 96 %, 9163 MiB
2026/09/07 10:44:56.552, 297.94 W, 64 %, 9154 MiB
2026/09/07 10:45:06.559, 29.58 W, 28 %, 9154 MiB
2026/09/07 10:45:16.568, 244.19 W, 92 %, 9154 MiB
2026/09/07 10:45:26.581, 245.01 W, 94 %, 9154 MiB
2026/09/07 10:45:36.583, 246.66 W, 94 %, 9154 MiB
2026/09/07 10:45:46.586, 245.92 W, 97 %, 9154 MiB
2026/09/07 10:45:56.600, 247.99 W, 96 %, 9164 MiB
2026/09/07 10:46:06.601, 246.37 W, 95 %, 9155 MiB
2026/09/07 10:46:16.603, 300.76 W, 97 %, 9150 MiB
2026/09/07 10:46:26.605, 30.55 W, 26 %, 847 MiB
2026/09/07 10:46:36.620, 29.14 W, 27 %, 843 MiB
2026/09/07 10:46:46.632, 28.97 W, 27 %, 847 MiB
2026/09/07 10:46:56.646, 28.79 W, 26 %, 843 MiB
2026/09/07 10:47:06.652, 28.86 W, 28 %, 847 MiB
2026/09/07 10:47:16.659, 28.78 W, 26 %, 847 MiB
2026/09/07 10:47:26.672, 28.51 W, 28 %, 847 MiB
2026/09/07 10:47:36.686, 28.56 W, 28 %, 853 MiB
2026/09/07 10:47:46.687, 28.56 W, 26 %, 847 MiB
2026/09/07 10:47:56.695, 28.53 W, 26 %, 847 MiB
2026/09/07 10:48:06.705, 28.49 W, 26 %, 847 MiB
2026/09/07 10:48:16.719, 28.44 W, 25 %, 847 MiB
2026/09/07 10:48:26.726, 28.42 W, 31 %, 857 MiB
2026/09/07 10:48:36.732, 28.45 W, 27 %, 844 MiB
2026/09/07 10:48:46.739, 28.30 W, 28 %, 847 MiB
2026/09/07 10:48:56.745, 28.31 W, 26 %, 847 MiB
2026/09/07 10:49:06.749, 28.20 W, 27 %, 847 MiB
2026/09/07 10:49:16.754, 27.85 W, 29 %, 853 MiB
2026/09/07 10:49:26.760, 27.80 W, 27 %, 852 MiB
2026/09/07 10:49:36.770, 27.88 W, 27 %, 847 MiB
2026/09/07 10:49:46.770, 27.78 W, 25 %, 845 MiB
2026/09/07 10:49:56.774, 27.98 W, 31 %, 862 MiB
