exp_name,model,dataset,lr,lr_backbone,layers,tf_layers,d_model,seed,amp_dtype,best_ppl,nan_recoveries,time_min,n_params_M,results_path
decay_ts_lr1e3_s0,transformer,tinystories,0.001,,12,,256,0,,15.95,,58.6,22.4,results/decay_ts_lr1e3_s0/results.json
decay_ts_lr1e3_s1,transformer,tinystories,0.001,,12,,256,1,,16.39,,6.3,22.4,results/decay_ts_lr1e3_s1/results.json
decay_ts_lr1e3_s2,transformer,tinystories,0.001,,12,,256,2,,16.24,,6.1,22.4,results/decay_ts_lr1e3_s2/results.json
decay_ts_lr1e3_s3,transformer,tinystories,0.001,,12,,256,3,,15.88,,6.1,22.5,results/decay_ts_lr1e3_s3/results.json
decay_ts_lr1e3_s4,transformer,tinystories,0.001,,12,,256,4,,14.68,,6.1,22.5,results/decay_ts_lr1e3_s4/results.json
decay_ts_lr3e4_s0,transformer,tinystories,0.0003,,12,,256,0,,42.48,,11.0,22.4,results/decay_ts_lr3e4_s0/results.json
decay_wt_lr1e3_s0,transformer,wikitext,0.001,,12,,256,0,,213.86,,8.2,22.4,results/decay_wt_lr1e3_s0/results.json
decay_wt_lr1e3_s1,transformer,wikitext,0.001,,12,,256,1,,201.19,,6.2,22.4,results/decay_wt_lr1e3_s1/results.json
decay_wt_lr1e3_s2,transformer,wikitext,0.001,,12,,256,2,,211.24,,6.2,22.4,results/decay_wt_lr1e3_s2/results.json
decay_wt_lr1e3_s3,transformer,wikitext,0.001,,12,,256,3,,262.52,,5.3,22.5,results/decay_wt_lr1e3_s3/results.json
decay_wt_lr1e3_s4,transformer,wikitext,0.001,,12,,256,4,,208.04,,5.3,22.5,results/decay_wt_lr1e3_s4/results.json
decay_wt_lr3e4_s0,transformer,wikitext,0.0003,,12,,256,0,,513.21,,10.6,22.4,results/decay_wt_lr3e4_s0/results.json
dslice_ng_10M_s0,pcn,tinystories,0.0005,,12,,256,0,,28.32,,2.1,21.0,results/dslice_ng_10M_s0/results.json
dslice_ng_10M_s1,pcn,tinystories,0.0005,,12,,256,1,,28.23,,2.1,21.0,results/dslice_ng_10M_s1/results.json
dslice_ng_2.5M_s0,pcn,tinystories,0.0005,,12,,256,0,,64.04,,0.9,21.0,results/dslice_ng_2.5M_s0/results.json
dslice_ng_2.5M_s1,pcn,tinystories,0.0005,,12,,256,1,,63.87,,0.8,21.0,results/dslice_ng_2.5M_s1/results.json
dslice_ng_20M_s0,pcn,tinystories,0.0005,,12,,256,0,,19.92,,4.0,21.0,results/dslice_ng_20M_s0/results.json
dslice_ng_20M_s1,pcn,tinystories,0.0005,,12,,256,1,,19.91,,4.0,21.0,results/dslice_ng_20M_s1/results.json
dslice_ng_5M_s0,pcn,tinystories,0.0005,,12,,256,0,,42.47,,1.4,21.0,results/dslice_ng_5M_s0/results.json
dslice_ng_5M_s1,pcn,tinystories,0.0005,,12,,256,1,,43.38,,1.2,21.0,results/dslice_ng_5M_s1/results.json
dslice_tf_10M_s0,transformer,tinystories,0.001,,12,,256,0,,133.62,,2.0,22.4,results/dslice_tf_10M_s0/results.json
dslice_tf_10M_s1,transformer,tinystories,0.001,,12,,256,1,,124.02,,1.9,22.4,results/dslice_tf_10M_s1/results.json
dslice_tf_2.5M_s0,transformer,tinystories,0.001,,12,,256,0,,402.35,,0.8,22.4,results/dslice_tf_2.5M_s0/results.json
dslice_tf_2.5M_s1,transformer,tinystories,0.001,,12,,256,1,,402.99,,0.7,22.4,results/dslice_tf_2.5M_s1/results.json
dslice_tf_20M_s0,transformer,tinystories,0.001,,12,,256,0,,33.14,,3.6,22.4,results/dslice_tf_20M_s0/results.json
dslice_tf_20M_s1,transformer,tinystories,0.001,,12,,256,1,,32.61,,3.6,22.4,results/dslice_tf_20M_s1/results.json
dslice_tf_5M_s0,transformer,tinystories,0.001,,12,,256,0,,265.38,,1.2,22.4,results/dslice_tf_5M_s0/results.json
dslice_tf_5M_s1,transformer,tinystories,0.001,,12,,256,1,,271.89,,1.1,22.4,results/dslice_tf_5M_s1/results.json
kpass_bp_K2,pcn,tinystories,0.0005,,12,,256,0,,13.84,,7.5,21.0,results/kpass_bp_K2/results.json
kpass_bp_K3,pcn,tinystories,0.0005,,12,,256,0,,13.6,,8.5,21.0,results/kpass_bp_K3/results.json
lvl2_m1_lr1.5e-3,pcn,tinystories,0.0005,,12,,256,0,,40.62,,6.6,21.0,results/lvl2_m1_lr1.5e-3/results.json
lvl2_m1_lr1.5e-4,pcn,tinystories,0.0005,,12,,256,0,,41.84,,6.7,21.0,results/lvl2_m1_lr1.5e-4/results.json
lvl2_m1_lr5e-4,pcn,tinystories,0.0005,,12,,256,0,,39.82,,6.6,21.0,results/lvl2_m1_lr5e-4/results.json
lvl2_m1_lr5e-5,pcn,tinystories,0.0005,,12,,256,0,,43.42,,6.8,21.0,results/lvl2_m1_lr5e-5/results.json
lvl2_m1_s0,pcn,tinystories,0.0005,,12,,256,0,,39.82,,7.2,21.0,results/lvl2_m1_s0/results.json
lvl2_m1inf_s0,pcn,tinystories,0.0005,,12,,256,0,,72.18,,5.1,21.0,results/lvl2_m1inf_s0/results.json
lvl2_m2_s0,pcn,tinystories,0.0005,,12,,256,0,,48.5,,7.0,21.0,results/lvl2_m2_s0/results.json
lvl2_m2inf_s0,pcn,tinystories,0.0005,,12,,256,0,,inf,,4.2,21.0,results/lvl2_m2inf_s0/results.json
o384_2p,pcn,tinystories,0.0003,,12,,384,0,,15.75,,39.1,37.4,results/o384_2p/results.json
o384_2p_s1,pcn,tinystories,0.0003,,12,,384,1,,15.79,,39.2,37.4,results/o384_2p_s1/results.json
o384_2p_s2,pcn,tinystories,0.0003,,12,,384,2,,16.08,,39.4,37.4,results/o384_2p_s2/results.json
o384_ng,pcn,tinystories,0.0003,,12,,384,0,,12.39,,7.9,37.4,results/o384_ng/results.json
o384_ng_s1,pcn,tinystories,0.0005,,12,,384,1,,10.99,,7.5,37.4,results/o384_ng_s1/results.json
o384_ng_s2,pcn,tinystories,0.0005,,12,,384,2,,11.18,,7.5,37.4,results/o384_ng_s2/results.json
o384_ng_s3,pcn,tinystories,0.0005,,12,,384,3,,11.16,,7.5,37.4,results/o384_ng_s3/results.json
o384_ng_s4,pcn,tinystories,0.0005,,12,,384,4,,11.11,,7.8,37.4,results/o384_ng_s4/results.json
o384_tf,transformer,tinystories,0.001,,12,,384,0,,21.65,,7.8,40.7,results/o384_tf/results.json
o384_tf_s1,transformer,tinystories,0.001,,12,,384,1,,18.4,,8.2,40.7,results/o384_tf_s1/results.json
o384_tf_s2,transformer,tinystories,0.001,,12,,384,2,,20.31,,7.6,40.7,results/o384_tf_s2/results.json
o384_tf_s3,transformer,tinystories,0.001,,12,,384,3,,19.97,,7.3,40.7,results/o384_tf_s3/results.json
o384_tf_s4,transformer,tinystories,0.001,,12,,384,4,,19.86,,7.1,40.7,results/o384_tf_s4/results.json
p1b_K2_c0.25_l1.5e-4,pcn,tinystories,0.0005,,12,,256,0,,57.5,,7.4,21.0,results/p1b_K2_c0.25_l1.5e-4/results.json
p1b_K2_c0.25_l5e-4,pcn,tinystories,0.0005,,12,,256,0,,inf,,3.7,21.0,results/p1b_K2_c0.25_l5e-4/results.json
p1b_K2_c0.5_l1.5e-4,pcn,tinystories,0.0005,,12,,256,0,,51.25,,8.6,21.0,results/p1b_K2_c0.5_l1.5e-4/results.json
p1b_K2_c0.5_l5e-4,pcn,tinystories,0.0005,,12,,256,0,,86.47,,4.5,21.0,results/p1b_K2_c0.5_l5e-4/results.json
p1b_K3_c0.25_l1.5e-4,pcn,tinystories,0.0005,,12,,256,0,,55.05,,8.2,21.0,results/p1b_K3_c0.25_l1.5e-4/results.json
p1b_K3_c0.25_l5e-4,pcn,tinystories,0.0005,,12,,256,0,,81.87,,5.7,21.0,results/p1b_K3_c0.25_l5e-4/results.json
p1b_K3_c0.5_l1.5e-4,pcn,tinystories,0.0005,,12,,256,0,,49.63,,8.2,21.0,results/p1b_K3_c0.5_l1.5e-4/results.json
p1b_K3_c0.5_l5e-4,pcn,tinystories,0.0005,,12,,256,0,,69.64,,6.1,21.0,results/p1b_K3_c0.5_l5e-4/results.json
s512_ng_s0,pcn,tinystories,0.0005,,12,,512,0,,22.39,,9.1,57.8,results/s512_ng_s0/results.json
s512_ng_s1,pcn,tinystories,0.0005,,12,,512,1,,25.73,,9.1,57.8,results/s512_ng_s1/results.json
s512_ng_s2,pcn,tinystories,0.0005,,12,,512,2,,23.12,,9.2,57.8,results/s512_ng_s2/results.json
s512_tf_s0,transformer,tinystories,0.001,,12,,512,0,,36.78,,9.1,63.7,results/s512_tf_s0/results.json
s512_tf_s1,transformer,tinystories,0.001,,12,,512,1,,38.45,,8.9,63.7,results/s512_tf_s1/results.json
s512_tf_s2,transformer,tinystories,0.001,,12,,512,2,,35.23,,8.9,63.7,results/s512_tf_s2/results.json
singlepass_bp_c05,pcn,tinystories,0.0005,,12,,256,0,,14.13,,6.6,21.0,results/singlepass_bp_c05/results.json
sparse_0.05_s0,pcn,tinystories,0.0005,,12,,256,0,,16.26,,6.6,21.0,results/sparse_0.05_s0/results.json
sparse_0.05_s1,pcn,tinystories,0.0005,,12,,256,1,,16.4,,6.5,21.0,results/sparse_0.05_s1/results.json
sparse_0.10_s0,pcn,tinystories,0.0005,,12,,256,0,,15.13,,6.5,21.0,results/sparse_0.10_s0/results.json
sparse_0.10_s1,pcn,tinystories,0.0005,,12,,256,1,,15.4,,6.5,21.0,results/sparse_0.10_s1/results.json
sparse_0.25_s0,pcn,tinystories,0.0005,,12,,256,0,,14.12,,6.5,21.0,results/sparse_0.25_s0/results.json
sparse_0.25_s1,pcn,tinystories,0.0005,,12,,256,1,,14.14,,6.5,21.0,results/sparse_0.25_s1/results.json
sparse_0.50_s0,pcn,tinystories,0.0005,,12,,256,0,,14.11,,6.5,21.0,results/sparse_0.50_s0/results.json
sparse_0.50_s1,pcn,tinystories,0.0005,,12,,256,1,,14.17,,6.5,21.0,results/sparse_0.50_s1/results.json
t1c_gate_bmm_s0,pcn,tinystories,0.0005,,12,,256,0,,19.98,,6.2,21.0,results/t1c_gate_bmm_s0/results.json
t1c_gate_bmm_s1,pcn,tinystories,0.0005,,12,,256,1,,19.01,,6.1,21.0,results/t1c_gate_bmm_s1/results.json
t1c_gate_loop_s0,pcn,tinystories,0.0005,,12,,256,0,,19.37,,28.6,21.0,results/t1c_gate_loop_s0/results.json
t1c_gate_loop_s1,pcn,tinystories,0.0005,,12,,256,1,,19.47,,28.5,21.0,results/t1c_gate_loop_s1/results.json
ts_2p_lr1e3_s0,pcn,tinystories,0.001,,12,,256,0,,19.04,,38.2,21.0,results/ts_2p_lr1e3_s0/results.json
ts_2p_lr2e3_s0,pcn,tinystories,0.002,,12,,256,0,,23.89,,38.1,21.0,results/ts_2p_lr2e3_s0/results.json
ts_causal_no_gating_s0,pcn,tinystories,0.0003,,12,,256,0,,16.56,,6.0,21.0,results/ts_causal_no_gating_s0/results.json
ts_causal_no_gating_s1,pcn,tinystories,0.0003,,12,,256,1,,16.41,,5.9,21.0,results/ts_causal_no_gating_s1/results.json
ts_causal_no_gating_s2,pcn,tinystories,0.0003,,12,,256,2,,16.49,,5.9,21.0,results/ts_causal_no_gating_s2/results.json
ts_causal_no_gating_s3,pcn,tinystories,0.0003,,12,,256,3,,16.57,,6.0,21.0,results/ts_causal_no_gating_s3/results.json
ts_causal_no_gating_s4,pcn,tinystories,0.0003,,12,,256,4,,16.48,,6.0,21.0,results/ts_causal_no_gating_s4/results.json
ts_causal_transformer_s0,transformer,tinystories,0.0003,,12,,256,0,,35.98,,6.9,22.4,results/ts_causal_transformer_s0/results.json
ts_causal_transformer_s1,transformer,tinystories,0.0003,,12,,256,1,,36.88,,6.1,22.4,results/ts_causal_transformer_s1/results.json
ts_causal_transformer_s2,transformer,tinystories,0.0003,,12,,256,2,,37.35,,5.8,22.4,results/ts_causal_transformer_s2/results.json
ts_causal_transformer_s3,transformer,tinystories,0.0003,,12,,256,3,,43.14,,6.0,22.4,results/ts_causal_transformer_s3/results.json
ts_causal_transformer_s4,transformer,tinystories,0.0003,,12,,256,4,,37.59,,6.0,22.4,results/ts_causal_transformer_s4/results.json
ts_causal_twopass_s0,pcn,tinystories,0.0003,,12,,256,0,,19.87,,38.1,21.0,results/ts_causal_twopass_s0/results.json
ts_causal_twopass_s1,pcn,tinystories,0.0003,,12,,256,1,,19.98,,38.1,21.0,results/ts_causal_twopass_s1/results.json
ts_causal_twopass_s2,pcn,tinystories,0.0003,,12,,256,2,,20.1,,38.5,21.0,results/ts_causal_twopass_s2/results.json
ts_causal_twopass_s3,pcn,tinystories,0.0003,,12,,256,3,,21.17,,38.2,21.0,results/ts_causal_twopass_s3/results.json
ts_causal_twopass_s4,pcn,tinystories,0.0003,,12,,256,4,,19.43,,38.4,21.0,results/ts_causal_twopass_s4/results.json
ts_ng_lr1e3_s0,pcn,tinystories,0.001,,12,,256,0,,26.6,,6.3,21.0,results/ts_ng_lr1e3_s0/results.json
ts_ng_lr2e3_s0,pcn,tinystories,0.002,,12,,256,0,,inf,,3.2,21.0,results/ts_ng_lr2e3_s0/results.json
ts_sdpa_tf_lr1e3_s0,transformer,tinystories,0.001,,12,,256,0,,15.14,,5.4,22.4,results/ts_sdpa_tf_lr1e3_s0/results.json
ts_sdpa_tf_lr1e4_s0,transformer,tinystories,0.0001,,12,,256,0,,222.21,,5.4,22.4,results/ts_sdpa_tf_lr1e4_s0/results.json
ts_sdpa_tf_s0,transformer,tinystories,0.0003,,12,,256,0,,44.28,,5.4,22.4,results/ts_sdpa_tf_s0/results.json
ts_tf_lr1e3_s1,transformer,tinystories,0.001,,12,,256,1,,15.08,,6.0,22.4,results/ts_tf_lr1e3_s1/results.json
ts_tf_lr1e3_s2,transformer,tinystories,0.001,,12,,256,2,,14.62,,6.0,22.4,results/ts_tf_lr1e3_s2/results.json
ts_tf_lr1e3_s3,transformer,tinystories,0.001,,12,,256,3,,14.52,,5.4,22.4,results/ts_tf_lr1e3_s3/results.json
ts_tf_lr1e3_s4,transformer,tinystories,0.001,,12,,256,4,,16.52,,5.4,22.4,results/ts_tf_lr1e3_s4/results.json
ts_tf_lr2e3_s0,transformer,tinystories,0.002,,12,,256,0,,22.9,,5.7,22.4,results/ts_tf_lr2e3_s0/results.json
w384_ng_s0,pcn,wikitext,0.0005,,12,,384,0,,143.84,,6.6,37.4,results/w384_ng_s0/results.json
w384_ng_s1,pcn,wikitext,0.0005,,12,,384,1,,190.59,,6.6,37.4,results/w384_ng_s1/results.json
w384_ng_s2,pcn,wikitext,0.0005,,12,,384,2,,124.34,,6.6,37.4,results/w384_ng_s2/results.json
w384_ng_s3,pcn,wikitext,0.0005,,12,,384,3,,123.45,,7.0,37.4,results/w384_ng_s3/results.json
w384_ng_s4,pcn,wikitext,0.0005,,12,,384,4,,145.31,,7.0,37.4,results/w384_ng_s4/results.json
w384_tf_s0,transformer,wikitext,0.001,,12,,384,0,,350.9,,6.3,40.7,results/w384_tf_s0/results.json
w384_tf_s1,transformer,wikitext,0.001,,12,,384,1,,282.35,,6.2,40.7,results/w384_tf_s1/results.json
w384_tf_s2,transformer,wikitext,0.001,,12,,384,2,,536.98,,6.2,40.7,results/w384_tf_s2/results.json
w384_tf_s3,transformer,wikitext,0.001,,12,,384,3,,342.57,,6.9,40.7,results/w384_tf_s3/results.json
w384_tf_s4,transformer,wikitext,0.001,,12,,384,4,,271.52,,6.6,40.7,results/w384_tf_s4/results.json
w512_ng_s0,pcn,wikitext,0.0005,,12,,512,0,,343.16,,8.6,57.8,results/w512_ng_s0/results.json
w512_ng_s1,pcn,wikitext,0.0005,,12,,512,1,,339.78,,8.5,57.8,results/w512_ng_s1/results.json
w512_ng_s2,pcn,wikitext,0.0005,,12,,512,2,,273.37,,8.0,57.8,results/w512_ng_s2/results.json
w512_ng_s3,pcn,wikitext,0.0005,,12,,512,3,,329.31,,8.0,57.8,results/w512_ng_s3/results.json
w512_ng_s4,pcn,wikitext,0.0005,,12,,512,4,,320.84,,8.0,57.8,results/w512_ng_s4/results.json
w512_tf_s0,transformer,wikitext,0.001,,12,,512,0,,594.11,,8.4,63.7,results/w512_tf_s0/results.json
w512_tf_s1,transformer,wikitext,0.001,,12,,512,1,,501.25,,8.3,63.7,results/w512_tf_s1/results.json
w512_tf_s2,transformer,wikitext,0.001,,12,,512,2,,502.29,,7.8,63.7,results/w512_tf_s2/results.json
w512_tf_s3,transformer,wikitext,0.001,,12,,512,3,,754.11,,7.8,63.7,results/w512_tf_s3/results.json
w512_tf_s4,transformer,wikitext,0.001,,12,,512,4,,768.02,,7.8,63.7,results/w512_tf_s4/results.json
warm100_ng_s0,pcn,tinystories,0.0005,,12,,256,0,,14.85,,6.6,21.0,results/warm100_ng_s0/results.json
warm100_tf_s0,transformer,tinystories,0.001,,12,,256,0,,14.98,,5.9,22.4,results/warm100_tf_s0/results.json
warm1500_ng_s0,pcn,tinystories,0.0005,,12,,256,0,,14.01,,6.6,21.0,results/warm1500_ng_s0/results.json
warm1500_tf_s0,transformer,tinystories,0.001,,12,,256,0,,13.55,,5.9,22.4,results/warm1500_tf_s0/results.json
wt20k_causal_2p_s0,pcn,wikitext,0.0003,,12,,256,0,,104.59,,144.4,21.0,results/wt20k_causal_2p_s0/results.json
wt20k_causal_nogate_s0,pcn,wikitext,0.0003,,12,,256,0,,87.52,,20.1,21.0,results/wt20k_causal_nogate_s0/results.json
wt20k_causal_tf_s0,transformer,wikitext,0.0003,,12,,256,0,,126.1,,18.4,22.4,results/wt20k_causal_tf_s0/results.json
wt20k_ng_lr2e-4_s0,pcn,wikitext,0.0002,,12,,256,0,,101.07,,20.3,21.0,results/wt20k_ng_lr2e-4_s0/results.json
wt20k_ng_lr3e-4_s0,pcn,wikitext,0.0003,,12,,256,0,,87.76,,20.3,21.0,results/wt20k_ng_lr3e-4_s0/results.json
wt20k_ng_lr5e4_s0,pcn,wikitext,0.0005,,12,,384,0,,285.27,,14.2,37.4,results/wt20k_ng_lr5e4_s0/results.json
wt20k_tf_lr1e3_s0,transformer,wikitext,0.001,,12,,256,0,,53.07,,18.4,22.4,results/wt20k_tf_lr1e3_s0/results.json
wt_090m_pcn_lr1e-4_ckpt,pcn,wikitext,0.0001,,24,,512,0,fp16,149.98,0,27.0,90.5,results/wt_090m_pcn_lr1e-4_ckpt/results.json
wt_090m_pcn_lr1e-4_s1,pcn,wikitext,0.0001,,24,12,512,1,fp16,149.46,0,26.0,90.5,results/wt_090m_pcn_lr1e-4_s1/results.json
wt_090m_pcn_lr1e-4_s2,pcn,wikitext,0.0001,,24,12,512,2,fp16,150.42,0,26.2,90.5,results/wt_090m_pcn_lr1e-4_s2/results.json
wt_090m_pcn_lr2e-4,pcn,wikitext,0.0002,,24,,512,0,fp16,185.44,0,27.1,90.5,results/wt_090m_pcn_lr2e-4/results.json
wt_094m_hyb8_16_s0,hybrid,wikitext,0.0001,0.0005,24,8,512,0,fp16,74.51,0,25.2,94.2,results/wt_094m_hyb8_16_s0/results.json
wt_094m_hyb_s0,hybrid,wikitext,0.0001,0.0005,24,12,512,0,fp16,63.42,0,25.1,96.0,results/wt_094m_hyb_s0/results.json
wt_094m_hyb_s1,hybrid,wikitext,0.0001,0.0005,24,12,512,1,fp16,63.13,0,26.3,96.0,results/wt_094m_hyb_s1/results.json
wt_094m_hyb_s2,hybrid,wikitext,0.0001,0.0005,24,12,512,2,fp16,62.99,0,26.0,96.0,results/wt_094m_hyb_s2/results.json
wt_096m_hyb_h2e-4_s0,hybrid,wikitext,0.0002,0.0005,24,12,512,0,fp16,75.66,0,25.4,96.0,results/wt_096m_hyb_h2e-4_s0/results.json
wt_096m_hyb_h5e-5_s0,hybrid,wikitext,5e-05,0.0005,24,12,512,0,fp16,62.53,0,25.3,96.0,results/wt_096m_hyb_h5e-5_s0/results.json
wt_097m_hyb16_8_s0,hybrid,wikitext,0.0001,0.0005,24,16,512,0,fp16,54.42,0,24.9,97.8,results/wt_097m_hyb16_8_s0/results.json
wt_200m_tf_lr5e-4_ckpt,transformer,wikitext,0.0005,,24,,512,0,fp16,101.04,0,25.6,101.5,results/wt_200m_tf_lr5e-4_ckpt/results.json
wt_200m_tf_lr5e-4_s1,transformer,wikitext,0.0005,,24,12,512,1,fp16,96.32,0,24.9,101.5,results/wt_200m_tf_lr5e-4_s1/results.json
wt_200m_tf_lr5e-4_s2,transformer,wikitext,0.0005,,24,12,512,2,fp16,100.65,0,24.9,101.5,results/wt_200m_tf_lr5e-4_s2/results.json
wt_2p_lr1e3_s0,pcn,wikitext,0.001,,12,,256,0,,201.47,,36.0,21.0,results/wt_2p_lr1e3_s0/results.json
wt_2p_lr5e4_s0,pcn,wikitext,0.0005,,12,,256,0,,200.9,,35.9,21.0,results/wt_2p_lr5e4_s0/results.json
wt_causal_no_gating_s0,pcn,wikitext,0.0003,,12,,256,0,,176.48,,5.4,21.0,results/wt_causal_no_gating_s0/results.json
wt_causal_no_gating_s1,pcn,wikitext,0.0003,,12,,256,1,,175.37,,5.1,21.0,results/wt_causal_no_gating_s1/results.json
wt_causal_no_gating_s2,pcn,wikitext,0.0003,,12,,256,2,,176.52,,5.1,21.0,results/wt_causal_no_gating_s2/results.json
wt_causal_no_gating_s3,pcn,wikitext,0.0003,,12,,256,3,,175.89,,5.1,21.0,results/wt_causal_no_gating_s3/results.json
wt_causal_no_gating_s4,pcn,wikitext,0.0003,,12,,256,4,,175.52,,5.1,21.0,results/wt_causal_no_gating_s4/results.json
wt_causal_tf_lr1e3_s0,transformer,wikitext,0.001,,12,,256,0,,251.97,,4.9,22.4,results/wt_causal_tf_lr1e3_s0/results.json
wt_causal_transformer_s0,transformer,wikitext,0.0003,,12,,256,0,,557.11,,5.4,22.4,results/wt_causal_transformer_s0/results.json
wt_causal_transformer_s1,transformer,wikitext,0.0003,,12,,256,1,,578.6,,5.1,22.4,results/wt_causal_transformer_s1/results.json
wt_causal_transformer_s2,transformer,wikitext,0.0003,,12,,256,2,,579.26,,5.1,22.4,results/wt_causal_transformer_s2/results.json
wt_causal_transformer_s3,transformer,wikitext,0.0003,,12,,256,3,,573.43,,5.1,22.4,results/wt_causal_transformer_s3/results.json
wt_causal_transformer_s4,transformer,wikitext,0.0003,,12,,256,4,,581.04,,5.1,22.4,results/wt_causal_transformer_s4/results.json
wt_causal_twopass_s0,pcn,wikitext,0.0003,,12,,256,0,,220.17,,36.5,21.0,results/wt_causal_twopass_s0/results.json
wt_causal_twopass_s1,pcn,wikitext,0.0003,,12,,256,1,,211.33,,36.0,21.0,results/wt_causal_twopass_s1/results.json
wt_causal_twopass_s2,pcn,wikitext,0.0003,,12,,256,2,,215.47,,36.0,21.0,results/wt_causal_twopass_s2/results.json
wt_causal_twopass_s3,pcn,wikitext,0.0003,,12,,256,3,,215.17,,36.0,21.0,results/wt_causal_twopass_s3/results.json
wt_causal_twopass_s4,pcn,wikitext,0.0003,,12,,256,4,,216.14,,36.0,21.0,results/wt_causal_twopass_s4/results.json
wt_ng_lr1e3_s0,pcn,wikitext,0.001,,12,,256,0,,321.49,,5.1,21.0,results/wt_ng_lr1e3_s0/results.json
wt_ng_lr5e4_s0,pcn,wikitext,0.0005,,12,,256,0,,147.78,,5.3,21.0,results/wt_ng_lr5e4_s0/results.json
wt_sparse_0.25_s0,pcn,wikitext,0.0005,,12,,256,0,,146.96,,5.5,21.0,results/wt_sparse_0.25_s0/results.json
wt_tf_lr1e3_s1,transformer,wikitext,0.001,,12,,256,1,,215.63,,5.3,22.4,results/wt_tf_lr1e3_s1/results.json
wt_tf_lr1e3_s2,transformer,wikitext,0.001,,12,,256,2,,218.6,,4.7,22.4,results/wt_tf_lr1e3_s2/results.json
wt_tf_lr1e3_s3,transformer,wikitext,0.001,,12,,256,3,,203.93,,4.6,22.4,results/wt_tf_lr1e3_s3/results.json
wt_tf_lr1e3_s4,transformer,wikitext,0.001,,12,,256,4,,219.74,,4.6,22.4,results/wt_tf_lr1e3_s4/results.json
wt_096m_hyb_h2e-4_s1,hybrid,wikitext,0.0002,0.0005,24,12,512,1,fp16,77.03,0,28.1,96.0,results/wt_096m_hyb_h2e-4_s1/results.json
wt_096m_hyb_h2e-4_s2,hybrid,wikitext,0.0002,0.0005,24,12,512,2,fp16,75.04,0,26.7,96.0,results/wt_096m_hyb_h2e-4_s2/results.json
wt_097m_hyb16_8_h2e-4_s0,hybrid,wikitext,0.0002,0.0005,24,16,512,0,fp16,59.86,0,28.1,97.8,results/wt_097m_hyb16_8_h2e-4_s0/results.json
wt_330m_hyb_lr5e-4_s0,hybrid,wikitext,0.0001,0.0005,24,12,1024,0,fp16,36.5,0,100.6,330.4,results/wt_330m_hyb_lr5e-4_s0/results.json
wt_353m_tf_lr5e-4_s0,transformer,wikitext,0.0005,,24,12,1024,0,fp16,41.72,0,123.2,354.0,results/wt_353m_tf_lr5e-4_s0/results.json
wt_353m_tf_lr2.5e-4_s0,transformer,wikitext,0.00025,,24,12,1024,0,fp16,63.52,0,123.1,354.0,results/wt_353m_tf_lr2.5e-4_s0/results.json
wt_306m_pcn_lr1e-4_s0,pcn,wikitext,0.0001,,24,12,1024,0,fp16,147.77,0,111.0,306.8,results/wt_306m_pcn_lr1e-4_s0/results.json
wt_097m_hyb16_8_h2e-4_s1,hybrid,wikitext,0.0002,0.0005,24,16,512,1,fp16,60.18,0,26.9,97.8,results/wt_097m_hyb16_8_h2e-4_s1/results.json
wt_097m_hyb16_8_h2e-4_s2,hybrid,wikitext,0.0002,0.0005,24,16,512,2,fp16,58.55,0,26.7,97.8,results/wt_097m_hyb16_8_h2e-4_s2/results.json
wt_330m_hyb_ng_lr5e-4_s0,hybrid,wikitext,0.0001,0.0005,24,12,1024,0,fp16,39.5,0,117.3,330.4,results/wt_330m_hyb_ng_lr5e-4_s0/results.json
wt_330m_hyb_ng_lr5e-4_s1,hybrid,wikitext,0.0001,0.0005,24,12,1024,1,fp16,39.6,0,116.9,330.4,results/wt_330m_hyb_ng_lr5e-4_s1/results.json
wt_330m_hyb_ng_lr5e-4_s2,hybrid,wikitext,0.0001,0.0005,24,12,1024,2,fp16,40.14,0,117.5,330.4,results/wt_330m_hyb_ng_lr5e-4_s2/results.json
wt_330m_hyb_ng_lr2.5e-4_s0,hybrid,wikitext,0.0001,0.00025,24,12,1024,0,fp16,45.26,0,117.1,330.4,results/wt_330m_hyb_ng_lr2.5e-4_s0/results.json
wt_330m_hyb_ng_lr1e-3_s0,hybrid,wikitext,0.0001,0.001,24,12,1024,0,fp16,37.05,0,117.1,330.4,results/wt_330m_hyb_ng_lr1e-3_s0/results.json
wt_353m_tf_lr5e-4_s1,transformer,wikitext,0.0005,,24,12,1024,1,fp16,42.37,0,123.2,354.0,results/wt_353m_tf_lr5e-4_s1/results.json
wt_353m_tf_lr5e-4_s2,transformer,wikitext,0.0005,,24,12,1024,2,fp16,62.24,0,123.0,354.0,results/wt_353m_tf_lr5e-4_s2/results.json
wt_096m_hyb_tp470_s0,hybrid,wikitext,0.0001,0.0005,24,12,512,0,fp16,83.6,0,14.6,96.0,results/wt_096m_hyb_tp470_s0/results.json
wt_096m_hyb_tp470_s1,hybrid,wikitext,0.0001,0.0005,24,12,512,1,fp16,84.29,0,14.3,96.0,results/wt_096m_hyb_tp470_s1/results.json
wt_096m_hyb_tp470_s2,hybrid,wikitext,0.0001,0.0005,24,12,512,2,fp16,84.02,0,14.4,96.0,results/wt_096m_hyb_tp470_s2/results.json
wt_101m_tf_tp470_s0,transformer,wikitext,0.0005,,24,12,512,0,fp16,196.61,0,14.3,101.5,results/wt_101m_tf_tp470_s0/results.json
wt_101m_tf_tp470_s1,transformer,wikitext,0.0005,,24,12,512,1,fp16,199.65,0,14.3,101.5,results/wt_101m_tf_tp470_s1/results.json
wt_101m_tf_tp470_s2,transformer,wikitext,0.0005,,24,12,512,2,fp16,211.6,0,14.3,101.5,results/wt_101m_tf_tp470_s2/results.json
wt_096m_hyb_gate_s0,hybrid,wikitext,0.0001,0.0005,24,12,512,0,fp16,61.75,0,24.5,96.0,results/wt_096m_hyb_gate_s0/results.json
wt_516m_hyb_ng_lr5e-4_s0,hybrid,wikitext,0.0001,0.0005,24,12,1280,0,fp16,39.55,1,190.8,499.5,results/wt_516m_hyb_ng_lr5e-4_s0/results.json
wt_553m_tf_lr5e-4_s0,transformer,wikitext,0.0005,,24,,1280,0,fp16,750.35,0,202.6,536.9,results/wt_553m_tf_lr5e-4_s0/results.json
